asset_title,content_category,count,total_duration_seconds
WTIU 30.1 HD BUG,Other,282,452602.8
PROMO - LOWER-THIRD,Graphics,151,98608.0
WTIU 30.1 - PREVIOUSLY RECORDED BUG - 10 SECO,Graphics,62,38229.36666666667
WTIU 30.1 MAIN - PH GX,Graphics,62,38229.36666666667
GENERIC OPEN VM PS500056 VM,PublicService,43,15480.0
GENERIC KIDS PROGRAM OPEN,PublicService,32,9600.0
COMING UP NEXT ON WTIU,Text,32,18803.0
AUD - COMING UP NEXT ON WTIU,Audio,30,10649.0
IU JACOBS SCHOOL OF MUSIC - MANSFIELD,Other,17,14280.0
WTIU 30.1 LEGAL ID,Other,16,28800.0
WTIU 30.1 - WEATHER GRAPHIC,Graphics,16,19200.0
WTIU 30.1 - WEATHER AUDIO,Audio,16,19200.0
FILLER - PBS SOCIAL BUMPERS - 5 SEC,Filler,16,4800.0
WEATHER PAGES,Filler,16,19200.0
FILLER - CONFERENCE ON AGING THANK YOU 2025,Filler,15,45000.0
FILLER - JOE HREN - SUSTAINER CHALLENGE MARCH,Filler,13,23400.0
FILLER - PBS PASSPORT AWARENESS,Filler,12,10800.0
FILLER - AMY O. SUSTAINER CHALLENGE MARCH 202,Filler,12,21600.0
FILLER - LYNN SCH - SUSTAINER CHALLENGE MARCH,Filler,12,21600.0
HERALD TIMES - APP FULL,Other,12,10080.0
"ANDERSON MEDICAL - SHOWROOM, SUPPLY",Other,11,9240.0
COMING THIS MARCH,Text,11,6249.0
TONIGHT AT 8,Text,11,6600.0
AUD - TONIGHT AT 8,Audio,11,3960.0
NEWS HEADLINES,Filler,10,12000.0
HD ID - FRENCH LICK INDIANA (2021),ID,10,7038.0
KIDS ID - CUCKOO ID500438 NEW IN 2024,ID,10,6497.0
HD ID - BLOOMFIELD INDIANA (2021),ID,9,5737.0
IU AUDITORIUM - SILK ROAD,Other,9,7560.0
PBS POSITIONING SPOT - LEARNING MEDIA SIZZLE,Filler,9,16299.0
KIDS ID - FISHBOWL ID500440 NEW IN 2024,ID,9,6352.0
HD ID - ANTIQUES ROADSHOW,ID,9,4635.0
FILLER - MARCH PASSPORT SPOT 2026,Filler,8,14400.0
FILLER - MICHAEL ARNOLD. - NATURE/SCIENCE FU,Filler,8,23752.0
HD ID - MARTINSVILLE INDIANA (2021),ID,8,5886.0
KIDS ID - GARDEN ID500441 NEW IN 2024,ID,8,6076.0
KIDS ID - EGYPT ID500439 NEW IN 2024,ID,8,5609.0
FILLER - MEMBERSHIP SUSTAINER LOCAL,Filler,7,24976.0
HD ID - INDIANAPOLIS INDIANA,ID,7,4222.0
FILLER - PBS SOCIAL BUMPERS - 15 SEC,Filler,7,6300.0
KIDS ID - PIPELINE ID500432 NEW IN 2024,ID,7,4895.0
KIDS ID - LAVA ID500433 NEW IN 2024,ID,7,5185.0
HD ID - MITCHELL INDIANA (2021),ID,7,4542.0
KIDS ID - BOWLING ID500442 NEW IN 2024,ID,7,4745.0
"HD ID - SPRING MILL STATE PARK (SPRING, SUMME",ID,7,5353.0
AUD - FRIDAY NIGHT AT 10,Audio,6,2160.0
KIDS ID - GEYSER ID500435 NEW IN 2024,ID,6,4557.0
PROMO - BARBRA STREISAND: TIMELESS - FRI 2200,Promo,6,10800.0
AUD - TONIGHT AT 10,Audio,6,2067.0
FILLER - SCIENCE AND NATURE SIZZLE 2025,Filler,6,360.0
KIDS ID - BUS CHASE ID500434 NEW IN 2024,ID,6,4110.0
FRIDAY NIGHT AT 10,Text,6,3600.0
KIDS ID - CATCH ID500437 NEW IN 2024,ID,6,4419.0
TONIGHT AT 10,Text,6,3507.0
"HD ID - WABASH RIVER (SPRING, SUMMER, FALL)",ID,6,1845.0
FILLER - LOOK AHEAD SIZZLE 2025,Filler,6,360.0
HD ID - COLUMBUS INDIANA (2021),ID,6,4005.0
PROMO - COUNT OF MONTE CRISTO - COMING IN MAR,Promo,6,2368.6666666666665
PROMO - COUNTRY CLASSICS - SAT 1330,Promo,5,7800.0
KIDS ID - BIRD HOUSE ID500436 NEW IN 2024,ID,5,3824.0
HD ID - GREENSBURG,ID,5,3182.0
HD ID - GREENWOOD INDIANA,ID,5,2496.0
PROMO - FORSYTES ON MASTERPIECE - COMING IN M,Promo,5,599.6666666666667
THURSDAY EVENING AT 9,Text,5,3000.0
AUD - THURSDAY EVENING AT 9,Audio,5,1800.0
BONAFIDE BITES - BONAFIDE BITES CATERING,Other,5,4200.0
IU CREDIT UNION INVESTMENT SERVICES - IUCU IN,PublicService,5,4200.0
PROMO - A TEAM THAT WOULDN T BE BEAT - THURS,Promo,5,9000.0
WTIU NEWS BREAK TEASE,Filler,5,6000.0
HD ID - SEYMOUR INDIANA (2021),ID,5,3654.0
FILLER - ARTS & CULTURE SIZZLE 2025,Filler,5,13500.0
AUD - THURSDAY EVENING AT 8,Audio,5,1800.0
KIDS ID - WATER BALLOON ID500431 NEW IN 2024,ID,5,3510.0
EARLY EVENING NEWS BREAK,Filler,5,600.0
KIDS FILLER - MRS. FRED ROGERS,Filler,5,9000.0
SATURDAY AFTERNOON AT 1:30,Text,5,3000.0
FRIDAY EVENING AT 8:30,Text,5,3000.0
HD ID - BROWN COUNTY STATE PARK (FALL),ID,5,2928.0
AUD - SATURDAY AFTERNOON AT 1:30,Audio,5,1800.0
HD ID - BLOOMINGTON INDIANA (2021),ID,5,3042.0
PROMO - TOMMY EMMANUEL CGP: W/TIX - FRI 2030,Promo,5,9000.0
AUD - FRIDAY EVENING AT 8:30,Audio,5,1800.0
THURSDAY EVENING AT 8,Text,5,3000.0
HD ID - STORY INDIANA (2021),ID,5,3415.0
KIDS ID - WATER SLIDE ID500443 NEW IN 2024,ID,4,2901.0
FILLER - AMY O. - DRAMA FUNDING,Filler,4,11876.0
FILLER - VEHICLE DONATION SPOT #1,Filler,4,8996.0
IU CREDIT UNION - MOBILE,PublicService,4,3360.0
FILLER - MEMBERSHIP SPOT - ROKU PASSPORT PACK,Filler,4,14276.0
FILLER - BIRD WOMAN OF ALCATRAZ,Filler,4,720.2666666666667
"FILLER - CAR DONATION SPOT FIL1676 IF YOU DON T DRIVE IT, DONATE IT",Filler,4,7076.0
FILLER - NEWS SIZZLE 2025,Filler,4,240.0
SATURDAY AT NOON,Text,4,2338.0
PROMO - JOHNNY CASH: WE WALK W/TIX - SAT 1500,Promo,4,7200.0
SATURDAY AFTERNOON AT 3,Text,4,2400.0
FILLER - PEGGY AND ZARG INTERSTITIAL SEASON 5,Filler,4,240.0
FILLER - MEMBERSHIP -SUSTAINER (NEWS) - W/ A,Filler,4,9956.0
LATE EVENING NEWS BREAK,Filler,4,480.0
MPI SOLAR MANN PLUMBING - BAL MED,Other,4,3360.0
FILLER - PBS KIDS - BUS CHASE,Filler,4,3476.0
PROMO - COOKING WITH LEGENDS: MING - SAT 1200,Promo,4,5938.0
PROMO - CHICAGO & FRIENDS: LIVE W/TIX - THU 2,Promo,4,7200.0
HD ID - GREENCASTLE INDIANA (2021),ID,4,2499.0
AUD - SATURDAY AFTERNOON AT 3,Audio,4,1440.0
TONIGHT LINEUP-05,Graphics,4,3600.0
TONIGHT LINE-UP 05,Filler,4,3600.0
TONIGHT AT 9:30,Text,4,2369.0
TONIGHT LINE-UP 02,Filler,4,3600.0
HD ID - FRANKLIN INDIANA (2021),ID,4,2393.0
TONIGHT LINEUP-02,Graphics,4,3600.0
TONIGHT LINEUP-06,Graphics,4,3600.0
AUD - TONIGHT AT 9:30,Audio,4,1409.0
MONROE COUNTY YMCA - KIDS,Other,4,3360.0
HD ID - SPENCER INDIANA (2021),ID,4,2399.0
HD ID - TERRE HAUTE INDIANA (2021),ID,4,2677.0
AUD - SATURDAY AT NOON,Audio,4,1378.0
TONIGHT LINE-UP 06,Filler,4,3600.0
COMING IN FALL 2026,Text,3,1800.0
PROMO - BARBRA STREISAND: TIMELESS - TON 2200,Promo,3,5307.0
TONIGHT LINE-UP 08,Filler,3,2700.0
KIDS FILLER - PRINCESS JOHNSON FIL1196 TALING ABOUT MOLLY OF DENALI,Filler,3,5400.0
FILLER - PBS KIDS - ROCK CONCERT,Filler,3,2607.0
TONIGHT LINEUP-03,Graphics,3,2700.0
TONIGHT LINEUP-04,Graphics,3,2700.0
FILLER - PASSPORT AWARENESS - UPDATED 2023,Filler,3,180.20000000000002
FILLER - PLANNED GIVING #3 - W/ AMY O.,Filler,3,3867.0
AUD - MONDAY NIGHT AT 10,Audio,3,1080.0
KIDS FILLER - PBS KIDS ROCKS -MORE COLORS YOU FIL1461 THE WEEPERS,Filler,3,180.0
TONIGHT LINEUP-08,Graphics,3,2700.0
TUESDAY EVENING AT 8,Text,3,1806.0
PROMO - EPIC TRAIN JOURNE - SERIES SELL - TON,Promo,3,4200.0
MONDAY NIGHT AT 10,Text,3,1800.0
A TEAM THAT WOULDN T BE BEAT #000 6YN,Program,3,10381.9
WONDERLAB - WONDER CAMP 26,Other,3,2520.0
HD ID - NASHVILLE INDIANA (2021),ID,3,2310.0
HD ID - MCCORMICK S CREEK (SUMMER/WINTER),ID,3,2002.0
PROMO - GENE STRATTON-PORTER - COMING IN 2026,Promo,3,369.0
HD ID - FRONTLINE,ID,3,2125.0
PROMO - CHICAGO & FRIENDS: LIVE W/TIX - TON 2,Promo,3,5400.0
PROMO - MAKING OF THE AMERICAN REV - TON 2000,Promo,3,5400.0
PROMO - MORE DECONSTRUCTING THE B - THURS 223,Promo,3,5400.0
WEDNESDAY EVENING AT 9:30,Text,3,1800.0
WEDNESDAY EVENING AT 8,Text,3,1800.0
HD ID - BEDFORD INDIANA (2021),ID,3,2204.0
HD ID - ASK THIS OLD HOUSE,ID,3,1715.0
FILLER - PLANNED GIVING #4 - W/ AMY O.,Filler,3,6387.0
FI - PARENT TESTIMONIALS - GUS,Filler,3,5403.0
AUD - TONIGHT AT 9,Audio,3,1080.0
TONIGHT AT 9,Text,3,1800.0
PROMO - A TEAM THAT WOULDN T BE BEAT - NEXT,Promo,3,5307.0
FILLER - TESTIMONIAL- LANE RALPH - SUSTAINER,Filler,3,1800.0
KIDS MUSIC FILLERS - THE OLD FAMILY TOOTHBRUS,Filler,3,7998.0
AUD - TUESDAY EVENING AT 8,Audio,3,1086.0
PROMO - A TEAM THAT WOULDN T BE BEAT - SUN 10,Promo,3,5307.0
THURSDAY NIGHT AT 10:30,Text,3,1800.0
SMITHVILLE - 2023,Other,3,2520.0
SUNDAY MORNING AT 10:30,Text,3,1707.0
AUD - TONIGHT AT 8:30,Audio,3,1080.0
PROMO - A TEAM THAT WOULDN T BE BEAT - TON 20,Promo,3,5400.0
TONIGHT AT 8:30,Text,3,1800.0
TONIGHT LINE-UP 03,Filler,3,2700.0
BLOOMINGTON HEALTH FOUNDATION - AGING 22,Other,3,2520.0
AUD - THURSDAY NIGHT AT 10:30,Audio,3,1080.0
PROMO - AGING BACKWARDS 4: THE MIR - SUN 1130,Promo,3,5400.0
FILLER - SANDITON ON APP - ALL SEASONS,Filler,3,5307.0
FILLER-TESTIMONIAL- BETH NEWTON WATSON-ARTS FIL1855 QUALITY ARTS PROGRAMMING,Filler,3,1800.0
IU CREDIT UNION - KIDS,Other,3,2520.0
IRELAND S WILD COAST #101 7YN [TVPG],Program,3,9759.0
TONIGHT LINE-UP 04,Filler,3,2700.0
AUD - WEDNESDAY EVENING AT 8,Audio,3,1080.0
SUNDAY MORNING AT 11:30,Text,3,1800.0
IRELAND S WILD COAST #102 7YN [TVPG],Program,3,9864.0
FILLER - VEHICLE DONATION - ALAN RESNIK,Filler,3,180.0
AUD - SUNDAY MORNING AT 10:30,Audio,3,987.0
AUD - SUNDAY MORNING AT 11:30,Audio,3,1080.0
AUD - WEDNESDAY EVENING AT 9:30,Audio,3,1080.0
FILLER - VEHICLE DONATION SPOT #2,Filler,3,6747.0
PLEDGE BREAK - PBS NEWS HOUR - HAS PH GX/PRE 2603NHA NEWSHOUR A MARCH 2026 (SUSTAINER CHALLENGE),Filler,3,1260.0
KIDS FILLER - ANTI-BULLYING-DREW & BOO LOVE C FIL1526 #111,Filler,2,7138.0
PROMO - CITY LIMITS,Promo,2,2818.0
HOTEL PORTOFINO #103 7YN INVITATIONS [TV14],Program,2,6572.0
PROMO - CONCERT FOR GEORGE - SAT 2300,Promo,2,3600.0
PROMO - ALL CREATURES GREAT AND SMALL: - SUN,Promo,2,3600.0
KIDS FILLER - CATCHPHRASES,Filler,2,120.13333333333334
FILLER - CRAFT IN AMERICA - INSPIRATION FIL1263 MARY LITTLE - TEXTILE ARTIST,Filler,2,285.06666666666666
PROMO - EPIC TRAIN JOURNE - SERIES SELL - MON,Promo,2,3000.0
PROMO - CHICAGO & FRIENDS: LIVE W/TIX - SUN 1,Promo,2,3600.0
HD ID - NATURE,ID,2,1407.0
PBS NEWS HOUR #15178H 7YN,Program,2,2986.0333333333333
FILLER-TESTIMONIAL- BETH NEWTON WATSON-PUBLIC FIL1853 PUBLIC GOOD,Filler,2,1200.0
PROMO - 60S AND 70S SOUL CELEBRATI - SAT 1830,Promo,2,3600.0
HD ID - THIS OLD HOUSE,ID,2,1116.0
HD ID - WTIU NEWS - JOE HREN,ID,2,1467.0
KIDS FILLER - ACTIVITY CHALLENGE - LIZARD BAL FIL1027 WILD KRATTS,Filler,2,126.0
PROMO - BLACK AND JEWISH IN AMERICA - TUES 20,Promo,2,344.2
FILLER - JOURNEY IND - BROWN CO. STATE PARK,Filler,2,7138.0
KIDS FILLER - ACTIVITY CHALLENGE - GO STOP GO FIL1026 DANIEL TIGER,Filler,2,126.0
PBS TESTIMONIAL-BRIDGET LANCAST-INCLUDES LOWE FIL1291 HOST OF AMERICA S TEST KITCHEN/COOK S COUNTRY,Filler,2,3600.0
FILLER - PLANNED GIVING - LEE ANN FIL628 TEACHES GRANDDAUGHTER ABOUT LOVE OF NATURE,Filler,2,3600.0
PHOEBE & JAY #104 7YD FIND PHOEBE/TRICK SHOT [TVY],Program,2,3452.0
"PBS TESTIMONIAL - RICK STEVES - INCLUDES LOWE FIL1299 SHOWS THAT CELEBRATE OUR WORLD, IMPORTANCE OF",Filler,2,120.0
FILLER - PBS PASSPORT PLEDGE - WORDS,Filler,2,3600.0
FILLER - TESTIMONIAL - EMMA WATSON FIL1852 NEWS ROOM INTERN,Filler,2,120.0
FILLER -RICK STEVES TRAVEL BITES -WHY TRAVEL FIL1141 WHY WE TRAVEL: FUN AND EXCITEMENT,Filler,2,490.0
FILLER - PBS KIDS - WATER SLIDE,Filler,2,1738.0
IU CENTER FOR RURAL ENGAGEMENT - CRE_NEWSDESK,Other,2,1680.0
INDIANA NEWSDESK #1336H CYN [TVG],Program,2,3212.0
PROMO - BLACK AND JEWISH AMERICA - TON 2000 BJAM0101_30 LET MY PEOPLE GO,Promo,2,3600.0
PBS TESTIMONIAL - HENRY GATES - INCLUDES LOWE FIL1289 MOMENTS THAT SHAPE WHO WE ARE,Filler,2,3600.0
FILLER - MEMBERSHIP - SUSTAINER - W/ AMY O.,Filler,2,6658.0
FILLER - TESTIMONIAL LOCAL - ISABELLA VESPERI FIL1872 INTERN/EXPERIENCE,Filler,2,120.0
"FILLER - LOCAL TESTIMONIAL - MARK, SUSAN & FR",Filler,2,5686.0
"FILLER - LOCAL TESTIMONIAL - MARK, EUGENE AND",Filler,2,5686.0
FILLER - LOCAL TESTIMONIAL - BROOK FROM MADIS,Filler,2,3600.0
PROMO - AMERICA S HOME COOKING-FOURTH - SUN,Promo,2,3600.0
PROMO - CELEBRITY ANT. ROADTRIP - SERIES - NE CERTSERIES_30 SEASONS 1 AND 2,Promo,2,3534.0
KID FILLER - SCIENCE U - LEMON BATTERIES FIL1540 #410,Filler,2,7138.0
"FILLER - JOURNEY INDIANA - STEER AND THE STRU FIL1736 S7E9, KOKOMO S OVERSIZED ATTRACTIONS",Filler,2,265.53333333333336
"FILLER - JOURNEY INDIANA - HALL OF HOOSIERS FIL1738 S7E10, IND. STATE MUSEUM CELEBRATES HOOSIERS",Filler,2,335.6
FILLER - JOURNEY IND - ZAHARAKOS ICE CREAM- C FIL1784 100 YEAR OLD ICE CREAM PARLOR IN COLUMBUS,Filler,2,7138.0
PLEDGE BREAK - PBS NEWS HOUR - HAS PH GX/PRE 2603NHB NEWSHOUR B MARCH 2026 (SUSTAINER CHALLENGE),Filler,2,839.9666666666666
PROMO - NOVA - WED 2130 NOVA4613_30 THE PLANETS: MARS,Promo,2,3600.0
SATURDAY EVENING AT 6:30,Text,2,1200.0
AUD - SUNDAY AFTERNOON AT 4:30,Audio,2,720.0
AUD - SUNDAY EVENING AT 8:30,Audio,2,720.0
AUD - TONIGHT AT 10:30,Audio,2,720.0
LUMBER JOKES FILLERS - FINGERS,Filler,2,3638.0
TONIGHT AT 10:30,Text,2,1200.0
LUMBER JOKES FILLERS - ACORN,Filler,2,4444.0
LA FRONTERA WITH PATI JINICH #203H 7YN BACK TO THE MIDDLE [TVPG],Program,2,6752.0
LA FRONTERA WITH PATI JINICH #202H 7YN ANCIENT SEEDS & DESERT GHOSTS [TVPG],Program,2,6752.0
KIDS MUSIC FILLERS - YOU ARE MY SUNSHINE,Filler,2,5168.0
BELL TRACE - 2019,PublicService,2,1680.0
TESTIMONIAL - MARTHA NICE - TESTIMONIAL (2023,Filler,2,7114.0
SUNDAY EVENING AT 8:30,Text,2,1200.0
SUNDAY EVENING AT 7:30,Text,2,1200.0
SUNDAY AFTERNOON AT 4:30,Text,2,1200.0
SUNDAY AFTERNOON AT 12:30,Text,2,1200.0
ST. MARKS NURSERY SCHOOL & KINDERGARTEN - TV-,Other,2,1680.0
SESAME STREET #5602 7YD COOKIE MONSTER S BIG PUZZLE [TVY],Program,2,3452.0
SESAME STREET #5411 7YD SESAME STREET SONG DAY [TVY],Program,2,3452.0
SATURDAY NIGHT AT 11,Text,2,1200.0
BUNGER & ROBERTSON - 1949 IMMIGRATION,Other,2,1680.0
CARL THE COLLECTOR #103 7YS THE PLUSHIE COLLECTION/THE BOUNCY B [TVY],Program,2,3452.0
CHICAGO & FRIENDS: LIVE AT 55 #000( 7YN [TVG] pt01,Program,2,2843.0666666666666
CHICAGO & FRIENDS: LIVE AT 55 #000( 7YN [TVG] pt02,Program,2,1964.0666666666664
CHICAGO & FRIENDS: LIVE AT 55 #000( 7YN [TVG] pt03,Program,2,2242.2
CHICAGO & FRIENDS: LIVE AT 55 #000( 7YN [TVG] pt04,Program,2,231.33333333333337
CHICAGO & FRIENDS: LIVE AT 55 2603CHGL1 PRETAPED BREAK 1,Filler,2,1079.9333333333334
AUD - SUNDAY EVENING AT 7:30,Audio,2,720.0
AUD - SUNDAY AFTERNOON AT 12:30,Audio,2,720.0
CHICAGO & FRIENDS: LIVE AT 55 2603CHGL3 PRETAPED BREAK 3,Filler,2,1201.8
AUD - SATURDAY NIGHT AT 11,Audio,2,720.0
MALLOR GRODNER PLUMMER - APRIL,Other,2,1680.0
MAKING OF THE AMERICAN REVOLUTION #000$ 7YN [TVPG] pt09,Program,2,5802.0
MAKING OF THE AMERICAN REVOLUTION #000$ 7YN [TVPG] pt08,Program,2,1256.0
MAKING OF THE AMERICAN REVOLUTION #000$ 7YN [TVPG] pt07,Program,2,1990.0666666666664
MAKING OF THE AMERICAN REVOLUTION #000$ 7YN [TVPG] pt06,Program,2,1256.0
MAKING OF THE AMERICAN REVOLUTION #000$ 7YN [TVPG] pt05,Program,2,2277.866666666667
MAKING OF THE AMERICAN REVOLUTION #000$ 7YN [TVPG] pt04,Program,2,1202.0666666666666
MAKING OF THE AMERICAN REVOLUTION #000$ 7YN [TVPG] pt03,Program,2,2271.9333333333334
MAKING OF THE AMERICAN REVOLUTION #000$ 7YN [TVPG] pt02,Program,2,1200.0
MAKING OF THE AMERICAN REVOLUTION #000$ 7YN [TVPG] pt01,Program,2,2692.9333333333334
AMANPOUR AND COMPANY #8109H 7YN [TVRE],Program,2,6812.0
AMANPOUR AND COMPANY #8110H 7YN [TVRE],Program,2,6812.0
AMANPOUR AND COMPANY #8111H 7YN [TVRE],Program,2,6812.0
AMANPOUR AND COMPANY #8112H 7YN [TVRE],Program,2,6812.0
MONKEY MONKEY MUSIC FILLER - SUBWAY SEASON 3,Filler,2,3630.0
WEATHER HUNTERS #106H 7YD NO SNOW SNOW DAY [TVY],Program,2,3452.0
MONROE COUNTY CASA - VOICE,Other,2,1680.0
VIEWER RESPONSE FIL150 UDATED 2019,Filler,2,2400.0
MONROE COUNTY YMCA - ANTIQUES Y,Other,2,1680.0
ANTIQUES ROADSHOW #2809H 7YN LSU RURAL LIFE MUSEUM HOUR 3 [TVG],Program,2,6812.033333333333
ANTIQUES ROADSHOW #2810H 7YN NORTH CAROLINA MUSEUM OF ART HOUR 1 [TVG],Program,2,6812.0
ARTHUR #1108H 7YD FRANCINE S PILFERED PAPER/BUSTER GE [TVY],Program,2,3452.266666666667
TONIGHT LINEUP-07,Graphics,2,1800.0
TONIGHT LINE-UP 07,Filler,2,1800.0
AUD - SATURDAY EVENING AT 6:30,Audio,2,720.0
CHICAGO & FRIENDS: LIVE AT 55 2603CHGL2 PRETAPED BREAK 2,Filler,2,1079.9333333333334
HOTEL PORTOFINO #101 7YN FIRST IMPRESSIONS [TV14],Program,2,6644.0
KIDS FILLER - PBS KIDS GRATITUDE SIZZLE FIL1702 2025,Filler,2,3600.0
KIDS FILLER - PET TIPS FIL1077 EVERGREEN,Filler,2,7138.0
DW THE DAY #15046H 7YN,Program,2,3240.0
PROMO - FORSYTES: AN INSIDE LOOK - SUN 1930,Promo,2,3600.0
HOTEL PORTOFINO #102 7YN LESSONS [TV14],Program,2,6568.0
KIDS FILLER - LUCRECIA - OPERA FRIENDS,Filler,2,130.0
KIDS FILLER - PBS KIDS ROCKS - BROTHERS/SISTE FIL1459 LOS LOBOS,Filler,2,120.0
PROMO - NOVA - NEXT NOVA4613_20 THE PLANETS: MARS,Promo,2,2400.0
PROMO - NATURE - WED 2000 NAAT4410_30 PARENTHOOD: THE GREATEST A,Promo,2,3600.0
CRAFT IN AMERICA #1101 7YN QUILTS [TVPG],Program,2,6812.0
NATURE #4410H 7YD PARENTHOOD: THE GREATEST ADVENTURE [TVPG],Program,2,6812.133333333333
KIDS FILLER - LUCRECIA - ROAR!,Filler,2,130.0
PROMO - MORE DECONSTRUCTING THE B - TON 2230,Promo,2,3600.0
KIDS FILLER - LUCRECIA - TIME TO SHARE,Filler,2,132.66666666666666
PROMO - MASTERPIECE WINTER/SPRING 2026 SIZZLE PRM7438 PROMO SAYS COMING 2026,Promo,2,3538.0
KIDS FILLER - LUCRECIA - THE WAY YOU ARE,Filler,2,130.0
"KIDS FILLER - LUCRECIA - SOUNDS, COLORS AND L",Filler,2,130.0
PROMO - SIT AND BE FIT ALL SERIES GENERIC - N,Promo,2,3602.0
DANIEL TIGER S NEIGHBORHOOD #714 7YD DANIEL PLAYS T-BALL/MAX PLAYS AT TH [TVY],Program,2,3452.0
PROMO - TOMMY EMMANUEL CGP: W/TIX - TON 2030,Promo,2,3600.0
DW THE DAY #15048H 7YN,Program,2,3240.0
KIDS FILLER - TIME TRAVEL - SOLVE PROBLEMS,Filler,2,1738.0
KIDS FILLER - TESTIMONIAL- ASL- WORK IT OUT W FIL1603 WIOW FAMILY,Filler,2,160.0
DW THE DAY #15050H 7YN,Program,2,3240.0
DW THE DAY #15049H 7YN,Program,2,3240.0
KIDS FILLER - TESTIMONIAL - LANDON S STORY FIL0303 UPDATED 2023,Filler,2,7138.0
DW THE DAY #15047H 7YN,Program,2,3240.0
KIDS FILLER - PHOEBE AND JAY SEASON -BOOGIE B,Filler,2,7138.0
KIDS FILLER - PIPS TIPS - BEING A GOOD LISTEN FIL1501 #162,Filler,2,7136.0
MONKEY MONKEY MUSIC FILLER - GRAB THEM AND GO FIL723 SEASON 5,Filler,1,900.0
MONKEY MONKEY MUSIC FILLER - NUTSHELLS - TWO SEASON 3,Filler,1,1812.0
MONDAY EVENING AT 8,Text,1,600.0
MONKEY MONKEY MUSIC FILLER - BELLY -PLAY PHYS RT500440 SEASON 4,Filler,1,849.0
MONKEY MONKEY MUSIC FILLER - BUTTERFLY - CHIL SEASON 3,Filler,1,1801.0
MONKEY MONKEY MUSIC FILLER - CARS SEASON 3,Filler,1,1209.0
MONKEY MONKEY MUSIC FILLER - DIAMOND FIL740 SEASON 5,Filler,1,1813.0
NOVA #4613$ 7YN THE PLANETS: MARS [TVG] pt05,Program,1,1064.0666666666666
MONKEY MONKEY MUSIC FILLER - SEARCHING FOR SO FIL730 SEASON 5,Filler,1,60.1
MONKEY MONKEY MUSIC FILLER - NUTSHELLS - COUN SEASON 3,Filler,1,88.56666666666666
NOVA #4613$ 7YN THE PLANETS: MARS [TVG] pt02,Program,1,612.0333333333333
MONKEY MONKEY MUSIC FILLER - MACARONI SEASON 3,Filler,1,61.03333333333333
NOVA #4613$ 7YN THE PLANETS: MARS [TVG] pt04,Program,1,608.9333333333333
"ODD SQUAD #131H 7YD NO IFS, ANDS, OR ROBOTS/WORST FIRST [TVY]",Program,1,1725.9666666666667
MONKEY MONKEY MUSIC FILLER - HOLD HANDS MARCH FIL720 SEASON 5,Filler,1,1800.0
MONKEY MONKEY MUSIC FILLER - HELLO - SPIN HAP SEASON 3,Filler,1,922.0
MONKEY MONKEY MUSIC FILLER - WALK -THROUGH SE RT500451 SEASON 4,Filler,1,3569.0
NOVA #4613 7YN THE PLANETS: MARS [TVG],Program,1,3244.1666666666665
NOVA #4613$ 7YN THE PLANETS: MARS [TVG] pt01,Program,1,1073.1
NOVA #4613$ 7YN THE PLANETS: MARS [TVG] pt03,Program,1,1053.8
PBS NEWS HOUR #15175H 7YN,Program,1,586.0
PBS NEWS HOUR #15177H 7YN,Program,1,586.0
NATURE #4410$ 7YD PARENTHOOD: THE GREATEST ADVE [TVPG] pt04,Program,1,452.9
MORE DECONSTRUCTING THE BEATLES #202 7YN [TVPG] pt03,Program,1,2724.0
MORGENSTERN BOOKS - MARCH,Other,1,840.0
PBS NEWS HOUR #15176 7YN,Program,1,2400.0
PBS NEWS HOUR #15176H 7YN,Program,1,586.0
PBS NEWS HOUR #15175 7YN,Program,1,2400.0
MORE DECONSTRUCTING THE BEATLES #202 7YN [TVPG] pt01,Program,1,1118.3666666666666
NOVA #4613$ 7YN THE PLANETS: MARS [TVG] pt06,Program,1,608.9
MORGENSTERN BOOKS - SUNDAY,Other,1,840.0
NATURE #4410$ 7YD PARENTHOOD: THE GREATEST ADVE [TVPG] pt01,Program,1,1104.0333333333333
NATURE #4410$ 7YD PARENTHOOD: THE GREATEST ADVE [TVPG] pt02,Program,1,568.9
PATI S MEXICAN TABLE #1107H 7YN CANTINA CULTURE AND THE MORNING AFT [TVG],Program,1,1605.8333333333333
NATURE #4410$ 7YD PARENTHOOD: THE GREATEST ADVE [TVPG] pt03,Program,1,1281.1333333333334
PAINTING AND TRAVEL WITH ROGER & S #1008H 7YN BLUE WATER BRIDGE [TVG],Program,1,1630.1
NEW LEAF LANDSCAPE CONSULTING_2017,Other,1,840.0
MORE DECONSTRUCTING THE BEATLES #201 7YN [TVPG] pt03,Program,1,2728.0
NATURE #4410$ 7YD PARENTHOOD: THE GREATEST ADVE [TVPG] pt05,Program,1,863.8333333333334
MORE DECONSTRUCTING THE BEATLES #201 7YN [TVPG] pt02,Program,1,486.73333333333335
NATURE #4410$ 7YD PARENTHOOD: THE GREATEST ADVE [TVPG] pt06,Program,1,512.1333333333333
MORE DECONSTRUCTING THE BEATLES #201 7YN [TVPG] pt01,Program,1,1153.3333333333333
ODD SQUAD #231H 7YD OTHER OLYMPIA/TOTAL ZEROS [TVY],Program,1,1726.1333333333334
ODD SQUAD #230H 7YD DEPOSIT SLIP UP/VILLAINS ALWAYS WIN [TVY],Program,1,1726.1333333333334
NATURE #4410$ 7YD PARENTHOOD: THE GREATEST ADVE [TVPG] pt07,Program,1,119.2
"ODD SQUAD #229H 7YD WHERE THERE S A WOLF, THERE S A WAY [TVY]",Program,1,1726.1333333333334
PBS NEWS HOUR #15177 7YN,Program,1,2400.0
ODD SQUAD #132H 7YD UNDERCOVER OLIVE [TVY],Program,1,1726.0
MORE DECONSTRUCTING THE BEATLES #202 7YN [TVPG] pt02,Program,1,504.56666666666666
NOVA #4613$ 7YN THE PLANETS: MARS [TVG] pt07,Program,1,124.26666666666668
60S AND 70S SOUL CELEBRATION (MY MU #000$ 7YN [TVG] pt01,Program,1,1281.6
PBS NEWS HOUR #15179 7YN,Program,1,2400.0
PBS NEWS HOUR #15179H 7YN,Program,1,586.0
TOMMY EMMANUEL CGP: LIVE AT THE SYDNEY OPERA 2603TESO2 PRETAPED BREAK 2,Filler,1,629.9666666666667
TOMMY EMMANUEL CGP: LIVE AT THE SYDNEY OPERA 2603TESO1 PRETAPED BREAK 1,Filler,1,629.9666666666667
TOMMY EMMANUEL CGP: LIVE AT THE SYDN #000 7YN [TVG] pt04,Program,1,361.9
TOMMY EMMANUEL CGP: LIVE AT THE SYDN #000 7YN [TVG] pt03,Program,1,774.7333333333333
TOMMY EMMANUEL CGP: LIVE AT THE SYDN #000 7YN [TVG] pt02,Program,1,1066.7666666666669
TOMMY EMMANUEL CGP: LIVE AT THE SYDN #000 7YN [TVG] pt01,Program,1,1148.5666666666666
TODAY AT 3,Text,1,600.0
THIS OLD HOUSE #4716H 7YN NEEDHAM | TRIM AND PROPER [TVG],Program,1,1606.1
THIS OLD HOUSE #4713H 7YN NEEDHAM | POURING IT ON [TVG],Program,1,1491.1333333333334
"THIS AMERICAN LAND #1107H 7YN FARMERS CHALLENGE CLIMATE CHANGE, T [TVG]",Program,1,1609.1
TESTIMONIAL - MARTHA NICE - VEHICLE DONATION,Filler,1,3565.0
TESTIMONIAL - MARIETTA SIMPSON (LOCAL) FIL1195 LOCAL STORYTELLING/BIOGRAPHIES,Filler,1,3568.0
SUNDAY AFTERNOON AT 2:30,Text,1,600.0
SIT AND BE FIT #1015H 7YN [TVG],Program,1,1593.0
SIT AND BE FIT #1014H 7YN [TVG],Program,1,1606.0
SESAME STREET #5602H 7YD COOKIE MONSTER S BIG PUZZLE [TVY],Program,1,1726.0
SESAME STREET #5427 7YD THE TASTY TRANSPORT [TVY],Program,1,1726.0
SESAME STREET #5413 7YD A HOME FOR FIDO [TVY],Program,1,1726.0
SATURDAY MORNING AT 10:30,Text,1,600.0
SATURDAY EVENING AT 9:30,Text,1,569.0
SATURDAY EVENING AT 6,Text,1,600.0
SATURDAY AFTERNOON AT 4:30,Text,1,600.0
RON PLECHER - REALTY PROFESSIONS,Other,1,840.0
RICK STEVES EXPERIENCING EUROPE #000$ 7YN [TVG] pt07,Program,1,1163.0
RICK STEVES EXPERIENCING EUROPE #000$ 7YN [TVG] pt06,Program,1,701.4333333333333
RICK STEVES EXPERIENCING EUROPE #000$ 7YN [TVG] pt05,Program,1,854.1
RICK STEVES EXPERIENCING EUROPE #000$ 7YN [TVG] pt04,Program,1,615.0333333333333
TOMMY EMMANUEL CGP: LIVE AT THE SYDNEY OPERA 2603TESO3 PRETAPED BREAK 3,Filler,1,659.9666666666667
TONIGHT AT 11,Text,1,600.0
TONIGHT AT 7:30,Text,1,600.0
WILD KRATTS #703H 7YN OWL ODYSSEY [TVY],Program,1,1726.1333333333334
XAVIER RIDDLE AND THE SECRET MUSEUM #133H 7YD I AM RUKMINI DEVI ARUNDALE/I AM BOB [TVY],Program,1,1726.1333333333334
XAVIER RIDDLE AND THE SECRET MUSEUM #132H 7YD I AM EDMUND HILLARY/I AM CELIA CRUZ [TVY],Program,1,1726.0666666666666
XAVIER RIDDLE AND THE SECRET MUSEUM #122H 7YD I AM KATE WARNE/I AM SIR ARTHUR CON [TVY],Program,1,1726.1333333333334
XAVIER RIDDLE AND THE SECRET MUSEUM #118H 7YD I AM NIKOLA TESLA/I AM NELLIE BLY [TVY],Program,1,1726.0666666666666
XAVIER RIDDLE AND THE SECRET MUSEUM #105H 7YD I AM LEONARDO DA VINCI/I AM AMELIA [TVY],Program,1,1726.0666666666666
WTIU 30.1 EAS TEST,Other,1,1632.0
WORK IT OUT WOMBATS! #202 7YD WITHOUT SNOUT/REMOTE OUT OF CONTROL [TVY],Program,1,1726.0
WORK IT OUT WOMBATS! #201 7YD THE BIG LOUD STORM/WISH MONSTER [TVY],Program,1,1726.0
WORK IT OUT WOMBATS! #121 7YD A SLEEP STORY FOR ELLIE/SUPER S SUP [TVY],Program,1,1726.0
WORK IT OUT WOMBATS! #120 7YD JUNJUN S WAKE-UP CALL/STACK EM UP [TVY],Program,1,1726.0
WORK IT OUT WOMBATS! #119 7YD MOO MOO CHOO CHOO / LAKE BELLYFLOP [TVY],Program,1,1726.0
WOODSMITH SHOP #1805H 7YN BIRDS & BEES [TVG],Program,1,1605.9333333333334
WILD KRATTS #703 7YN OWL ODYSSEY [TVY],Program,1,1726.0
TRAVELS WITH DARLEY #1207H 7YN NEW JERSEY REVOLUTIONARY ROAD TRIP [TVG],Program,1,1608.9333333333334
WILD KRATTS #701H 7YN OUTFOXED [TVY],Program,1,1726.1333333333334
WILD KRATTS #320H 7YN LEMUR STINK FIGHT [TVY],Program,1,1726.1333333333334
WILD KRATTS #318H 7YN AYE AYE [TVY],Program,1,1726.0
WILD KRATTS #318 7YN AYE AYE [TVY],Program,1,1726.0
WILD KRATTS #317H 7YN MINI MADAGASCAR [TVY],Program,1,1726.1333333333334
WEEKLY EAS TEST,Other,1,2232.0
"WEATHER HUNTERS #121H 7YD THROUGH RAIN, SUN, SNOW OR HAIL [TVY]",Program,1,1726.0666666666666
"WEATHER HUNTERS #121 7YD THROUGH RAIN, SUN, SNOW OR HAIL [TVY]",Program,1,1726.0
WEATHER HUNTERS #116H 7YD CORKY S WEIRD DESERT MYSTERY [TVY],Program,1,1726.0
WEATHER HUNTERS #114H 7YD A DARK AND STORMY NIGHT [TVY],Program,1,1726.0
WEATHER HUNTERS #105H 7YD THE LEAF PAINTER [TVY],Program,1,1726.0
WASHINGTON WEEK WITH THE ATLANTIC #6536 7YN [TVRE],Program,1,1450.0
RICK STEVES EXPERIENCING EUROPE #000$ 7YN [TVG] pt03,Program,1,865.7666666666667
RICK STEVES EXPERIENCING EUROPE #000$ 7YN [TVG] pt02,Program,1,509.6333333333333
RICK STEVES EXPERIENCING EUROPE #000$ 7YN [TVG] pt01,Program,1,1649.2333333333331
PROMO - BLACK AND JEWISH AMERICA - NEXT BJAM0101_30 LET MY PEOPLE GO,Promo,1,1800.0
PROMO - COUNTRY CLASSICS - NEXT,Promo,1,1800.0
PROMO - COOKING WITH LEGENDS: MING - NEXT,Promo,1,1769.0
PROMO - CONCERT FOR GEORGE - TON 2300,Promo,1,1800.0
MOLLY OF DENALI #201H 7YD MOUSE IN THE TREEHOUSE/LEADER OF TH [TVY],Program,1,1726.1333333333334
PROMO - CHICAGO & FRIENDS: LIVE W/TIX - NEXT,Promo,1,1800.0
PROMO - CHICAGO & FRIENDS: LIVE AT - THU 2100,Promo,1,1200.0
PROMO - BRIT FLOYD: THE MOON W/TIX - TON 2130,Promo,1,1769.0
PROMO - BRIT FLOYD: THE MOON W/TIX - SAT 2130,Promo,1,1769.0
PROMO - BLACK AND JEWISH IN AMERICA - NEXT,Promo,1,172.1
PROMO - BLACK AND JEWISH AMERICA - TUE 2000 BJAM0101_30 LET MY PEOPLE GO,Promo,1,1800.0
PROMO - BLACK AND JEWISH AMERICA - TON 2130 BJAM0102_30 STRANGE FRUIT,Promo,1,1800.0
PROMO - BLACK AND JEWISH AMERICA - NEXT BJAM0102_30 STRANGE FRUIT,Promo,1,1800.0
PROMO - BARBRA STREISAND: TIMELESS - NEXT,Promo,1,1800.0
PROMO - EPIC TRAIN JOURNEYS FROM ABOVE - MON ETJA_20 CANADA S WILDERNESS RAILROAD,Promo,1,1200.0
PROMO - AMERICA S HOME COOKING-FOURTH - NEXT,Promo,1,1800.0
PROMO - ALL CREATURES GREAT AND SMALL: - TON,Promo,1,1200.0
PROMO - ALL CREATURES GREAT AND SMALL: - NEX,Promo,1,1800.0
PROMO - AGING BACKWARDS 4: THE MIR - NEXT,Promo,1,1800.0
"PROMO - 60S POP, ROCK & SOUL - NEXT",Promo,1,1800.0
PLEDGE BREAK - WASHINGTON WEEK - HAS PH GX/PR 2603WWA WWA MARCH 2026 (SUSTAINER CHALLENGE),Filler,1,240.0
PHOEBE & JAY #107 7YD LOST AND FOUND/COMIC TRAGEDY [TVY],Program,1,1726.0
PHOEBE & JAY #105H 7YD FIRE DRILL/FRUIT JUICE FRENZY [TVY],Program,1,1726.0
PHOEBE & JAY #105 7YD FIRE DRILL/FRUIT JUICE FRENZY [TVY],Program,1,1726.0
PHOEBE & JAY #102 7YD BIRD SITTING/JAY S FIT [TVY],Program,1,1726.0
PHOEBE & JAY #101 7YD PAINT ON THE MAIL/THE LAST BOX [TVY],Program,1,1726.0
PBS TESTIMONIAL - KEN BURNS - INCLUDES LOWER FIL1297 STORIES THAT MAKE A DIFFERENCE,Filler,1,60.0
PROMO - EPIC TRAIN JOURNE - SERIES SELL - NEX,Promo,1,1200.0
PROMO - FINDING YOUR ROOTS 1200 SERIES - NEXT,Promo,1,900.0
RICK STEVES EUROPE TRAVEL BITES 5 - VENICE FIL1404 THE DOGE S PALACE,Filler,1,240.6
PROMO - NATURE - WED 2000 NAAT4410_20 PARENTHOOD: THE GREATEST A,Promo,1,1200.0
RICK STEVES EUROPE TRAVEL BITES 5 - ROME FIL1403 SUMPTUOUS ART OF THE BORGHESE GALLERY,Filler,1,228.13333333333333
RICK STEVES EUROPE TRAVEL BITES 5 - FLORENCE FIL1400 ENJOYING AN ANTIPASTI FEAST,Filler,1,214.96666666666667
QUILTING ARTS #3210H 7YN MASTERING NEW MATERIALS [TVG],Program,1,1679.9
PROMO -IND. NEWSDESK - POLITICAL - NEXT PRM7327 2023,Promo,1,1800.0
PROMO - TOMMY EMMANUEL CGP: W/TIX - TON 2000,Promo,1,1800.0
PROMO - TOMMY EMMANUEL CGP: W/TIX - NEXT,Promo,1,1800.0
PROMO - RICK STEVES EXPERIENCING E - SAT 1030,Promo,1,1800.0
PROMO - RICK STEVES EXPERIENCING E - NEXT,Promo,1,1800.0
PROMO - RICK STEVES ART OF EUROPE: MICH - MON,Promo,1,1800.0
PROMO - NOVA - WED 2130 NOVA4613_20 THE PLANETS: MARS,Promo,1,1200.0
PROMO - NOVA - TON 2130 NOVA4613_30 THE PLANETS: MARS,Promo,1,1800.0
PROMO - NOVA - TON 2130 NOVA4613_20 THE PLANETS: MARS,Promo,1,1200.0
PROMO - NATURE - TON 2000 NAAT4410_30 PARENTHOOD: THE GREATEST A,Promo,1,1800.0
PROMO - FORSYTES: AN INSIDE LOOK - NEXT,Promo,1,1800.0
PROMO - NATURE - TON 2000 NAAT4410_20 PARENTHOOD: THE GREATEST A,Promo,1,1200.0
PROMO - NATURE - NEXT NAAT4410_30 PARENTHOOD: THE GREATEST A,Promo,1,1800.0
PROMO - MORE DECONSTRUCTING THE B - SAT 1630,Promo,1,1800.0
PROMO - MAKING OF THE AMERICAN REVOLUTI - SUN,Promo,1,1800.0
PROMO - MAKING OF THE AMERICAN REV - NEXT,Promo,1,1800.0
PROMO - JOHNNY CASH: WE WALK W/TIX - TOD 1500,Promo,1,1800.0
PROMO - INDIANA LAWMAKERS - SERIES 4500 - SAT,Promo,1,60.0
PROMO - INDIANA LAWMAKERS - SERIES 4500 - NEX,Promo,1,3568.0
PROMO - HOTEL PORTOFINO - NEXT HLPO0101_30 FIRST IMPRESSIONS,Promo,1,1800.0
PROMO - GROWING A GREENER WORLD -1200 S - NEX,Promo,1,1800.0
PROMO - GARDEN SMART - GENERIC - NEXT GDSM_30 CAN USE THIS GENERIC FOR EVERY SERIES,Promo,1,1800.0
PROMO - FORSYTES: AN INSIDE LOOK - TON 1930,Promo,1,1800.0
MOLLY OF DENALI #306H 7YD PUPPY SITTING/BIG DREAMS AND BLUE S [TVY],Program,1,1726.1333333333334
JOHNNY CASH: WE WALK THE LINE 2603JOCW2 PRETAPED BREAK 2,Filler,1,519.9666666666667
MOLLY OF DENALI #113H 7YD FIDDLE OF NOWHERE/A SPLASH OF MINK [TVY],Program,1,1726.1333333333334
BLACK AND JEWISH AMERICA: AN INTERW #102$ 7YN STRANGE FRUIT [TV14] pt04,Program,1,679.1
BLACK AND JEWISH AMERICA: AN INTERW #101$ 7YN LET MY PEOPLE GO [TV14] pt06,Program,1,654.4
BLACK AND JEWISH AMERICA: AN INTERW #101$ 7YN LET MY PEOPLE GO [TV14] pt07,Program,1,191.1
BLACK AND JEWISH AMERICA: AN INTERW #101H 7YN LET MY PEOPLE GO [TV14],Program,1,3406.133333333333
BLACK AND JEWISH AMERICA: AN INTERW #102$ 7YN STRANGE FRUIT [TV14] pt01,Program,1,1224.4333333333334
BLACK AND JEWISH AMERICA: AN INTERW #102$ 7YN STRANGE FRUIT [TV14] pt02,Program,1,642.9
BLACK AND JEWISH AMERICA: AN INTERW #102$ 7YN STRANGE FRUIT [TV14] pt03,Program,1,824.7666666666667
BLACK AND JEWISH AMERICA: AN INTERW #102$ 7YN STRANGE FRUIT [TV14] pt05,Program,1,1135.5
CARL THE COLLECTOR #138 7YS A FUZZYTOWN HALLOWEEN [TVY],Program,1,1726.0
BLACK AND JEWISH AMERICA: AN INTERW #102$ 7YN STRANGE FRUIT [TV14] pt06,Program,1,618.3
BLACK AND JEWISH AMERICA: AN INTERW #102$ 7YN STRANGE FRUIT [TV14] pt07,Program,1,191.13333333333333
"BRIT FLOYD: THE MOON, THE WALL AND B #000 6YN",Program,1,5391.766666666666
CARL THE COLLECTOR #119 7YS THE GRATITUDE COLLECTION/THE PET RO [TVY],Program,1,1726.0
CARL THE COLLECTOR #120 7YS THE POTATO COLLECTION/NICO AND THE [TVY],Program,1,1726.0
CARL THE COLLECTOR #121 7YS THE GREEN PIECE/THE FUZZYWORLD BOOK [TVY],Program,1,1726.0
BLACK AND JEWISH AMERICA: AN INTERW #101$ 7YN LET MY PEOPLE GO [TV14] pt05,Program,1,1008.8333333333334
BLACK AND JEWISH AMERICA: AN INTERW #101$ 7YN LET MY PEOPLE GO [TV14] pt04,Program,1,621.7333333333333
BLACK AND JEWISH AMERICA: AN INTERW #101$ 7YN LET MY PEOPLE GO [TV14] pt03,Program,1,944.7666666666668
BLACK AND JEWISH AMERICA: AN INTERW #101$ 7YN LET MY PEOPLE GO [TV14] pt02,Program,1,565.9666666666667
BLACK AND JEWISH AMERICA: AN INTERW #101$ 7YN LET MY PEOPLE GO [TV14] pt01,Program,1,1230.3333333333333
BIG PACIFIC #104 7YN PASSIONATE [TVPG],Program,1,3268.0
BIG PACIFIC #103 7YN VORACIOUS [TVPG],Program,1,3299.0
BIG PACIFIC #102 7YN VIOLENT [TVPG],Program,1,3297.0
BIG PACIFIC #101 7YN MYSTERIOUS [TVPG],Program,1,3299.0
BEST OF THE JOY OF PAINTING #4129H 7YN EBB TIDE [TVG],Program,1,1657.4333333333334
"BEST OF SEWING WITH NANCY #221H 7YN SOLVING THE PATTERN FITTING PUZZLE, [TVG]",Program,1,1606.0
BECOMING FREDERICK DOUGLASS #000 7YN [TV14],Program,1,3404.0
BBC NEWS THE CONTEXT (PBS UPLINK) #855H 7YN,Program,1,1652.0
BBC NEWS THE CONTEXT (PBS UPLINK) #854H 7YN,Program,1,1652.0
BBC NEWS THE CONTEXT (PBS UPLINK) #853H 7YN,Program,1,1652.0
BBC NEWS THE CONTEXT (PBS UPLINK) #852H 7YN,Program,1,1652.0
BBC NEWS (PBS UPLINK) #7312H 7YN [TVRE],Program,1,1652.0
CARL THE COLLECTOR #121H 7YS THE GREEN PIECE/THE FUZZYWORLD BOOK [TVY],Program,1,1726.0
CELEBRITY ANTIQUES ROAD TRIP #402 7YN DAME DIANA RIGG AND NEIL DUDGEON [TVPG],Program,1,3540.0666666666666
DANIEL TIGER S NEIGHBORHOOD #202 7YD THE BABY IS HERE [TVY],Program,1,1726.0
COUNTRY CLASSICS #000$ 7YN [TVPG] pt01,Program,1,1092.2333333333331
COOKING WITH LEGENDS: MING TSAI & R #000$ 7YN [TVG] pt02,Program,1,597.4666666666667
COOKING WITH LEGENDS: MING TSAI & R #000$ 7YN [TVG] pt03,Program,1,1141.3333333333333
COOKING WITH LEGENDS: MING TSAI & R #000$ 7YN [TVG] pt04,Program,1,580.9333333333333
COOKING WITH LEGENDS: MING TSAI & R #000$ 7YN [TVG] pt05,Program,1,771.2333333333333
COOKING WITH LEGENDS: MING TSAI & R #000$ 7YN [TVG] pt06,Program,1,621.0666666666667
COOKING WITH LEGENDS: MING TSAI & R #000$ 7YN [TVG] pt07,Program,1,2959.0
COUNTRY CLASSICS #000$ 7YN [TVPG] pt02,Program,1,473.06666666666666
CELEBRITY ANTIQUES ROAD TRIP #701 7YN STEPHEN TOMPKINSON & HAYLEY MILLS [TV14],Program,1,3570.0
COUNTRY CLASSICS #000$ 7YN [TVPG] pt03,Program,1,1319.5
COUNTRY CLASSICS #000$ 7YN [TVPG] pt04,Program,1,608.0
COUNTRY CLASSICS #000$ 7YN [TVPG] pt05,Program,1,1154.6333333333334
COUNTRY CLASSICS #000$ 7YN [TVPG] pt06,Program,1,625.0
COUNTRY CLASSICS #000$ 7YN [TVPG] pt07,Program,1,61.7
CRAFT IN AMERICA #1102 7YN IDENTITY [TVPG],Program,1,3406.0
COOKING WITH LEGENDS: MING TSAI & R #000$ 7YN [TVG] pt01,Program,1,1470.4333333333334
CONCERT FOR GEORGE #000$ 7YN [TVG] pt09,Program,1,72.4
CONCERT FOR GEORGE #000$ 7YN [TVG] pt08,Program,1,673.5
CONCERT FOR GEORGE #000$ 7YN [TVG] pt07,Program,1,974.5333333333332
CONCERT FOR GEORGE #000$ 7YN [TVG] pt06,Program,1,603.2
CONCERT FOR GEORGE #000$ 7YN [TVG] pt05,Program,1,1110.9333333333334
CONCERT FOR GEORGE #000$ 7YN [TVG] pt04,Program,1,641.2
CONCERT FOR GEORGE #000$ 7YN [TVG] pt03,Program,1,1159.2666666666669
CONCERT FOR GEORGE #000$ 7YN [TVG] pt02,Program,1,563.1666666666666
CONCERT FOR GEORGE #000$ 7YN [TVG] pt01,Program,1,1312.2666666666669
COMPASS POINTS FROM PBS NEWS #108 7YN [TVRE],Program,1,1606.0
CLASSICAL STRETCH: BY ESSENTRICS #1123H 7YD SHOULDER PAIN WORKOUT [TVG],Program,1,1606.0666666666666
CLASSICAL STRETCH: BY ESSENTRICS #1122H 7YD SPINE STRENGTHENING WORKOUT [TVG],Program,1,1606.1666666666667
CLASSICAL STRETCH: BY ESSENTRICS #1121H 7YD ARM TONING WORKOUT [TVG],Program,1,1606.1333333333334
CLASSICAL STRETCH: BY ESSENTRICS #1120H 7YD QUAD LENGTHENING & STRENGTHENING [TVG],Program,1,1606.2
CLASSICAL STRETCH: BY ESSENTRICS #1119H 7YD FEET AND CALF WORKOUT [TVG],Program,1,1606.1
"CHRISTINA COOKS: BACK TO THE CUTTIN #507H 7YN SUSTAINABILITY, ITALIAN STYLE [TVG]",Program,1,1605.0666666666666
BBC NEWS (PBS UPLINK) #7310 7YN [TVRE],Program,1,1652.0
BBC NEWS (PBS UPLINK) #7308 7YN [TVRE],Program,1,1652.0
BBC NEWS (PBS UPLINK) #7306 7YN [TVRE],Program,1,1652.0
ALTERNATIVE CARE SOLUTIONS - AGING,Other,1,840.0
ALL CREATURES GREAT AND SMALL: CHEE #000$ 7YN [TVPG] pt07,Program,1,2657.0
ALMA S WAY #101H 7YD NO-GO MOFONGO/ALMA VS. EDDIE [TVY],Program,1,1726.0666666666666
ALMA S WAY #107H 7YD ALMA S SHOWSTOPPER/ULTIMATE HELPER [TVY],Program,1,1726.0666666666666
ALMA S WAY #108H 7YD COQUI QUEST/CHALK THE BLOCK [TVY],Program,1,1726.1333333333334
ALMA S WAY #207H 7YD JUSTICE SONIA AND JUDGE ALMA/JUSTIC [TVY],Program,1,1726.1333333333334
ALMA S WAY #213H 7YD ALMA WINGS IT/THE GRANDPARENT TRAP [TVY],Program,1,1726.1333333333334
AMANPOUR AND COMPANY #8108H 7YN [TVRE],Program,1,3406.0
BBC NEWS (PBS UPLINK) #7304H 7YN [TVRE],Program,1,1652.0
AMERICA S HOME COOKING: FLAVORS OF #000$ 7YN [TVG] pt01,Program,1,763.7666666666667
AMERICA S HOME COOKING: FLAVORS OF #000$ 7YN [TVG] pt02,Program,1,475.03333333333336
AMERICA S HOME COOKING: FLAVORS OF #000$ 7YN [TVG] pt03,Program,1,561.0333333333333
AMERICA S HOME COOKING: FLAVORS OF #000$ 7YN [TVG] pt04,Program,1,503.4333333333333
AMERICA S HOME COOKING: FLAVORS OF #000$ 7YN [TVG] pt05,Program,1,740.2
AMERICA S HOME COOKING: FLAVORS OF #000$ 7YN [TVG] pt06,Program,1,481.6666666666667
ALL CREATURES GREAT AND SMALL: CHEE #000$ 7YN [TVPG] pt06,Program,1,671.1
ALL CREATURES GREAT AND SMALL: CHEE #000$ 7YN [TVPG] pt05,Program,1,1037.9
ALL CREATURES GREAT AND SMALL: CHEE #000$ 7YN [TVPG] pt04,Program,1,644.2333333333333
ALL CREATURES GREAT AND SMALL: CHEE #000$ 7YN [TVPG] pt03,Program,1,1091.6333333333334
ALL CREATURES GREAT AND SMALL: CHEE #000$ 7YN [TVPG] pt02,Program,1,580.3333333333334
ALL CREATURES GREAT AND SMALL: CHEE #000$ 7YN [TVPG] pt01,Program,1,1262.3666666666666
AGING BACKWARDS 4: THE MIRACLE OF F #000$ 7YN [TVG] pt05,Program,1,2365.0
AGING BACKWARDS 4: THE MIRACLE OF F #000$ 7YN [TVG] pt04,Program,1,559.9
AGING BACKWARDS 4: THE MIRACLE OF F #000$ 7YN [TVG] pt03,Program,1,989.3666666666668
AGING BACKWARDS 4: THE MIRACLE OF F #000$ 7YN [TVG] pt02,Program,1,455.26666666666665
AGING BACKWARDS 4: THE MIRACLE OF F #000$ 7YN [TVG] pt01,Program,1,1409.6666666666667
60S AND 70S SOUL CELEBRATION (MY MU #000$ 7YN [TVG] pt08,Program,1,1257.7
60S AND 70S SOUL CELEBRATION (MY MU #000$ 7YN [TVG] pt07,Program,1,1864.6333333333332
60S AND 70S SOUL CELEBRATION (MY MU #000$ 7YN [TVG] pt06,Program,1,1081.6
60S AND 70S SOUL CELEBRATION (MY MU #000$ 7YN [TVG] pt05,Program,1,1701.6333333333334
60S AND 70S SOUL CELEBRATION (MY MU #000$ 7YN [TVG] pt04,Program,1,1078.1666666666667
60S AND 70S SOUL CELEBRATION (MY MU #000$ 7YN [TVG] pt03,Program,1,1499.0
AMERICA S HOME COOKING: FLAVORS OF #000$ 7YN [TVG] pt07,Program,1,641.4
AMERICA S HOME COOKING: FLAVORS OF #000$ 7YN [TVG] pt08,Program,1,483.4666666666666
AMERICA S HOME COOKING: FLAVORS OF #000$ 7YN [TVG] pt09,Program,1,717.2
AUD - SATURDAY EVENING AT 9:30,Audio,1,329.0
BARBRA STREISAND: TIMELESS - LIVE I #000$ 7YN [TVPG] pt09,Program,1,320.4
BARBRA STREISAND: TIMELESS - LIVE I #000$ 7YN [TVPG] pt08,Program,1,591.5
BARBRA STREISAND: TIMELESS - LIVE I #000$ 7YN [TVPG] pt07,Program,1,1161.4333333333334
BARBRA STREISAND: TIMELESS - LIVE I #000$ 7YN [TVPG] pt06,Program,1,561.9666666666667
BARBRA STREISAND: TIMELESS - LIVE I #000$ 7YN [TVPG] pt05,Program,1,857.4333333333333
BARBRA STREISAND: TIMELESS - LIVE I #000$ 7YN [TVPG] pt04,Program,1,565.9666666666667
BARBRA STREISAND: TIMELESS - LIVE I #000$ 7YN [TVPG] pt03,Program,1,1365.1666666666667
BARBRA STREISAND: TIMELESS - LIVE I #000$ 7YN [TVPG] pt02,Program,1,510.0
BARBRA STREISAND: TIMELESS - LIVE I #000$ 7YN [TVPG] pt01,Program,1,1183.2666666666669
AUD - TONIGHT AT 7:30,Audio,1,360.0
AUD - TONIGHT AT 11,Audio,1,360.0
AUD - TODAY AT 3,Audio,1,360.0
AUD - SUNDAY AFTERNOON AT 2:30,Audio,1,360.0
AUD - SATURDAY MORNING AT 10:30,Audio,1,360.0
AUD - SATURDAY EVENING AT 6,Audio,1,360.0
AMERICA S HOME COOKING: FLAVORS OF #000$ 7YN [TVG] pt10,Program,1,469.3
AUD - SATURDAY AFTERNOON AT 4:30,Audio,1,360.0
AUD - MONDAY EVENING AT 8,Audio,1,360.0
"ASK THIS OLD HOUSE #2413H 7YN SPLIT WATER HEATER, ATTIC LADDER [TVG]",Program,1,1521.1333333333334
ARTHUR #403H 7YD BUSTER S BREATHLESS/THE FRIGHT STUF [TVY],Program,1,1726.1333333333334
ARTHUR #403 7YD BUSTER S BREATHLESS/THE FRIGHT STUF [TVY],Program,1,1726.0
ARTHUR #2104H 7YD MUFFY MISSES OUT/ARTHUR TAKES A STA [TVY],Program,1,1726.1333333333334
ARTHUR #2101H 7YD BINKY S A GAME/BRAIN AND THE TIME C [TVY],Program,1,1726.1333333333334
"ARTHUR #1110H 7YD BIG BROTHER BINKY, PARTS I & II [TVY]",Program,1,1726.1333333333334
AMERICAN WOODSHOP #3110H 7YN LIVE-EDGE DISPLAY SHELVES [TVG],Program,1,1610.9333333333334
AMERICA THE BOUNTIFUL #108H 7YN CORN IN ARIZONA [TVG],Program,1,1605.9333333333334
AMERICA S TEST KITCHEN #2602H 7YN FLAVOR-PACKED PASTAS [TVG],Program,1,1733.8333333333333
AMERICA S HOME COOKING: FLAVORS OF #000$ 7YN [TVG] pt13,Program,1,1994.0
AMERICA S HOME COOKING: FLAVORS OF #000$ 7YN [TVG] pt12,Program,1,485.6333333333333
AMERICA S HOME COOKING: FLAVORS OF #000$ 7YN [TVG] pt11,Program,1,784.1333333333333
CRAFT IN AMERICA #1201 7YN STORYTELLERS [TVPG],Program,1,3406.0
DANIEL TIGER S NEIGHBORHOOD #204 7YD PLAYTIME IS DIFFERENT/THE PLAYGROUN [TVY],Program,1,1726.0
MOLLY OF DENALI #111H 7YD SAP SEASON/BOOK OF MAMMOTHS [TVY],Program,1,1726.1333333333334
KIDS FILLER - DANIEL TIGER FIRSTS - GO POTTY,Filler,1,1769.0
JOHNNY CASH: WE WALK THE LINE 2603JOCW1 PRETAPED BREAK 1,Filler,1,519.9666666666667
60S AND 70S SOUL CELEBRATION (MY MU #000$ 7YN [TVG] pt02,Program,1,990.6
JOHNNY CASH: WE WALK THE LINE 2603JOCW3 PRETAPED BREAK 3,Filler,1,519.9666666666667
KID FILLER - SCIENCE U - GUIDED OBSERVATION FIL1542 #415,Filler,1,3569.0
KIDS FILLER - COMMUNITY CIVICS SIZZLE,Filler,1,1769.0
KIDS FILLER - CURIOUS ABOUT - TANG SOO DO MA FIL1094 MARTIAL ARTS,Filler,1,119.96666666666668
KIDS FILLER - DONKEY HODIE BEDTIME STORIES,Filler,1,1769.0
KIDS FILLER - MATH INITIATIVE 2026 SIZZLE,Filler,1,3569.0
KIDS FILLER - LOADING ZONE - COMPASSES,Filler,1,3567.0
KIDS FILLER - LOADING ZONE - DENTISTS,Filler,1,3567.0
KIDS FILLER - LOADING ZONE - OCEAN CLEANUP TE,Filler,1,3568.0
KIDS FILLER - LOADING ZONE - SMOKE DETECTORS,Filler,1,3567.0
KIDS FILLER - LOADING ZONE - STARS,Filler,1,3569.0
KIDS FILLER - LOADING ZONE - VOLCANOES,Filler,1,3569.0
JOHNNY CASH: WE WALK THE LINE #000( 7YN [TVG] pt04,Program,1,3497.0
JOHNNY CASH: WE WALK THE LINE #000( 7YN [TVG] pt03,Program,1,1112.3333333333333
JOHNNY CASH: WE WALK THE LINE #000( 7YN [TVG] pt02,Program,1,1088.8333333333333
JOHNNY CASH: WE WALK THE LINE #000( 7YN [TVG] pt01,Program,1,1540.4
J SCHWANKE S LIFE IN BLOOM #205H 7YN TRADITIONAL JAPANESE FLOWER ARTS [TVG],Program,1,1546.1333333333334
IU SCHOOL OF EDUCATION - FUTURE,Other,1,840.0
INDIANA WEEK IN REVIEW #3828H 7YN,Program,1,1606.0
INDIANA LAWMAKERS #4509H 7YN,Program,1,1726.0
HD ID - NOVA,ID,1,629.0
HD ID - JOURNEY INDIANA 1,ID,1,387.0
HAPPY YOGA WITH SARAH STARR #603H 7YN RED ROCK SUNSET [TVG],Program,1,1606.1
HAPPY YOGA WITH SARAH STARR #602H 7YN FIERY OCEAN SUNSET [TVG],Program,1,1606.1
GROWING A GREENER WORLD #1211H 7YN HOPE FOR HEROES: THE FARMER VETERAN [TVG],Program,1,1606.0
GARDEN SMART #8007H 7YN PLANTING AND MAINTAINING A GARDEN [TVG],Program,1,1655.6666666666667
FRESH QUILTING #310H 7YN THEORY [TVG],Program,1,1680.2333333333331
FORSYTES: AN INSIDE LOOK #000$ 7YN pt05,Program,1,2601.0
FORSYTES: AN INSIDE LOOK #000$ 7YN pt04,Program,1,674.0
KIDS FILLER - LYLA TESTIMONIAL FIL1602 LYLA AND STUS HAIRDO GAMES - MOMS,Filler,1,60.0
KIDS FILLER - PBS KIDS ROCKS - GET UP AND GO FIL1462 THEY MIGHT BE GIANTS,Filler,1,60.0
DANIEL TIGER S NEIGHBORHOOD #204H 7YD PLAYTIME IS DIFFERENT/THE PLAYGROUN [TVY],Program,1,1726.1333333333334
LYLA IN THE LOOP #116H 7YD FINDING A NEW FRIEND/LYLA BUGS OUT [TVY],Program,1,1726.0
LUMBER JOKES FILLERS - PINEAPPLES,Filler,1,1921.0
LUMBER JOKES FILLERS - POOL,Filler,1,1823.0
LYLA IN THE LOOP #103 7YD EVERY SAND-WHICH WAY/GROWING UP [TVY],Program,1,1726.0
LYLA IN THE LOOP #103H 7YD EVERY SAND-WHICH WAY/GROWING UP [TVY],Program,1,1725.9666666666667
LYLA IN THE LOOP #112H 7YD THE FOUR LITTLE PIGS AND BRUCEY/HAN [TVY],Program,1,1726.0
LYLA IN THE LOOP #113H 7YD SANITATION SITUATION/STU RIDES THE [TVY],Program,1,1726.0
LYLA IN THE LOOP #135 7YD STU NEEDS A BATH/CALLALOOPS [TVY],Program,1,1726.0
KIDS FILLER - PBS KIDS ROCKS - GRAVITY FIL1467 THE WEEPIES,Filler,1,60.0
LYLA IN THE LOOP #135H 7YD STU NEEDS A BATH/CALLALOOPS [TVY],Program,1,1726.0
MARGARET: THE REBEL PRINCESS #101 7YN PART ONE [TVPG],Program,1,3270.0
MARGARET: THE REBEL PRINCESS #102 7YN PART TWO [TV14],Program,1,3239.0
MISTER ROGERS NEIGHBORHOOD #1482H 7NN MISTER ROGERS VISITS AN ART MUSEUM [TVY],Program,1,1740.0
MISTER ROGERS NEIGHBORHOOD #1483H 7NN BIG BIRD COMES TO CALL/FEELINGS ABO [TVY],Program,1,1740.0
MOLLY OF DENALI #109H 7YD THE WORM TURNS/LITTLE DOG LOST [TVY],Program,1,1726.0666666666666
LUMBER JOKES FILLERS - KNOTTY,Filler,1,1939.0
LUMBER JOKES FILLERS - HEADBANGER,Filler,1,1934.0
LUMBER JOKES FILLERS - BIG,Filler,1,1809.0
LUMBER JOKES FILLERS - BANK,Filler,1,2118.0
LIDIA S KITCHEN #1106H 7YN SOMETHING FOR EVERYONE [TVG],Program,1,1605.9333333333334
LA FRONTERA WITH PATI JINICH #201H 7YN FRONTERIZOS OF THE GOLDEN COAST [TVPG],Program,1,3412.0
KIDS FILLER-CURIOUS ABOUT CAREERS-AIR BALLON FIL1331 800,Filler,1,60.0
KIDS FILLER -CURIOUS ABOUT CAREERS - PACKAGIN FIL1516 ENGINEER,Filler,1,3569.0
KIDS FILLER - TIME TRAVEL - DO-OVER,Filler,1,1767.0
KIDS FILLER - TESTIMONIAL STORIES - CLAUDIA & FIL1046 SPANISH WITH ENGLISH SUBTITLES,Filler,1,60.0
KIDS FILLER - PIPS TIPS - WHAT IS A RAINBOW FIL1520 #176,Filler,1,3569.0
KIDS FILLER - PIPS TIPS - SCREEN TIME FIL1500 #181,Filler,1,3569.0
KIDS FILLER - PIPS TIPS - POLLINATORS - SPR/S FIL1519 #180,Filler,1,3569.0
KIDS FILLER - PIPS TIPS - HUMMINGBIRDS FIL1497 #179,Filler,1,3569.0
KIDS FILLER - PBS KIDS TRADITIONS SIZZLE FIL1701 2025,Filler,1,1800.0
KIDS FILLER - PBS KIDS ROCKS - MATH IS EVERYW FIL1464 OZOMATLI,Filler,1,60.0
KIDS FILLER - PBS KIDS ROCKS - MATH DETECTIVE FIL1466 OZOMATLI,Filler,1,60.0
FORSYTES: AN INSIDE LOOK #000$ 7YN pt03,Program,1,1018.9666666666668
FORSYTES: AN INSIDE LOOK #000$ 7YN pt02,Program,1,605.0
FORSYTES: AN INSIDE LOOK #000$ 7YN pt01,Program,1,1106.4666666666667
FILLER - CORPORATE DEVELOPMENT - COMMITMENT,Filler,1,60.13333333333333
EPIC TRAIN JOURNEYS FROM ABOVE #101$ 7YN THE GLACIER EXPRESS [TVG] pt03,Program,1,800.0
FI - PARENT TESTIMONIALS - CARSON,Filler,1,1801.0
FI - PARENT TESTIMONIALS - CRUZ FAMILY,Filler,1,1800.0
FI - PARENT TESTIMONIALS - WALTERS FAMILY,Filler,1,1800.0
"FILLER - ALWAYS ON SPRING - DRAMA, PASSPORT FIL1878 MASTERPIECE",Filler,1,900.0
FILLER - AMY O. - MUSIC FUNDING,Filler,1,3269.0
FILLER - CRAFT IN AMERICA - DEMOCRACY FIL1265 SAMMY LITTLE - CALLIGRAPHER IN DC,Filler,1,186.1
FONS & PORTER S LOVE OF QUILTING #4204H 7YN QUILTED POSTCARD SWAP [TVG],Program,1,1679.9333333333334
FILLER - CRAFT IN AMERICA - SERVICE FIL915 ARMY ARTS AND CRAFTS - WORKING WITH THEIR HAN,Filler,1,159.0
FILLER - DRAMA SIZZLE - 2025,Filler,1,60.0
FILLER - GEENA DAVIS PBS KIDS VALUE SPOT,Filler,1,1800.0
FILLER - HISTORY SIZZLE - 2025,Filler,1,60.0
FILLER - HOOPER 065 COWBOYS,Filler,1,3559.0
FILLER - JOSEPH ROSENDO STEPPIN OUT FIL1531 ICELAND - SUMMER SOLSTICE AND EPIC NATURE,Filler,1,119.96666666666668
EPIC TRAIN JOURNEYS FROM ABOVE #101$ 7YN THE GLACIER EXPRESS [TVG] pt02,Program,1,724.0333333333333
EPIC TRAIN JOURNEYS FROM ABOVE #101$ 7YN THE GLACIER EXPRESS [TVG] pt01,Program,1,2650.4333333333334
DR LISA BAKER - 2010,Other,1,840.0
DOWNTON ABBEY SEASON 1 ON MASTERPI #4102$ 7YN DOWNTON ABBEY - PART 2 [TVPG] pt07,Program,1,101.3
DOWNTON ABBEY SEASON 1 ON MASTERPI #4102$ 7YN DOWNTON ABBEY - PART 2 [TVPG] pt06,Program,1,598.9666666666667
DOWNTON ABBEY SEASON 1 ON MASTERPI #4102$ 7YN DOWNTON ABBEY - PART 2 [TVPG] pt05,Program,1,1009.0
DOWNTON ABBEY SEASON 1 ON MASTERPI #4102$ 7YN DOWNTON ABBEY - PART 2 [TVPG] pt04,Program,1,602.9333333333333
DOWNTON ABBEY SEASON 1 ON MASTERPI #4102$ 7YN DOWNTON ABBEY - PART 2 [TVPG] pt03,Program,1,2176.0
DOWNTON ABBEY SEASON 1 ON MASTERPI #4102$ 7YN DOWNTON ABBEY - PART 2 [TVPG] pt02,Program,1,603.0
DOWNTON ABBEY SEASON 1 ON MASTERPI #4102$ 7YN DOWNTON ABBEY - PART 2 [TVPG] pt01,Program,1,1698.9333333333334
DONKEY HODIE #301 7YD ROCK AND ROLL FEELINGS DETECTIVES/S [TVY],Program,1,1726.0
"DONKEY HODIE #138 7YD ME, MYSELF, AND DONKEY/FASHION DONK [TVY]",Program,1,1726.0
DONKEY HODIE #114 7YD THE COW AND POTATO BUG OPERA/EVERYT [TVY],Program,1,1726.0
DONKEY HODIE #113 7YD ROYAL SANDCASTLE BUILDERS/BOBSKI BO [TVY],Program,1,1726.0
DONKEY HODIE #111 7YD SPOOKY SHADOW SWAMP/HIDDEN ORCHESTR [TVY],Program,1,1726.0
DANIEL TIGER S NEIGHBORHOOD #713 7YD DANIEL FINDS OUT WHAT S FAIR/O FIND [TVY],Program,1,1726.0
DANIEL TIGER S NEIGHBORHOOD #712 7YD DANIEL HELPS TEDDY/MISS ELAINA IS B [TVY],Program,1,1726.0
FILLER - JOURNEY IND - AMISH COUNTRY POPCORN,Filler,1,3569.0
"FILLER - JOURNEY IND - ART OF THE ANCESTORS FIL1786 CONNECTING W/MEXICAN TRAD, EMILY GUERRERO HEA",Filler,1,3569.0
"FILLER - JOURNEY IND - GARY, 1ST BLACK MAYOR FIL1799 RICHARD HATCHER, 1ST BLACK MAYOR IN A MAJOR C",Filler,1,3569.0
FILLER - RICK STEVES ART BITES #156 - PIETER FIL1355 PIETER BRUEGHEL & THE ELDER FOR A SLICE OF FL,Filler,1,134.86666666666667
FIT 2 STITCH #1307H 7YN EASY SERGER PROJECTS [TVG],Program,1,1606.0
FINDING YOUR ROOTS #1208 7YN ARTISTIC ROOTS [TVPG],Program,1,3406.0
"FILLER -RICK STEVES TRAVEL BITES-LYON, FR - FIL1123 LYON FRANCE: SILK DISTRICT",Filler,1,117.53333333333332
"FILLER -RICK STEVES TRAVEL BITES -DOLOMITES, FIL1139 ITALY: REIFENSTEIN CASTLE",Filler,1,218.86666666666667
FILLER -RICK STEVES TRAVEL BITES - WHY TRAVE FIL1132 WHY WE TRAVEL: SAVOR THE EXPERIENCE,Filler,1,164.26666666666668
FILLER - WTIU NEWS TESTIMONIAL - LUCINDA LARN FIL1553 INTERN FOR NEWS DEPARTMENT,Filler,1,60.0
FILLER - TESTIMONIAL- LINDA/STEVEN RAINES - S FIL1857 LOCAL STORY TELLING,Filler,1,600.0
FILLER - TESTIMONIAL LOCAL - HINAKO BARNES FIL1577 LOCAL STORYTELLING,Filler,1,560.0
FILLER - TESTIMONIAL LOCAL - HINAKO BARNES FIL1569 STUDENT INTERN IN DOCUMENTARY UNIT,Filler,1,60.0
FILLER - TESTIMONIAL LOCAL - CALI LICHTER FIL1574 PUBLIC INTEREST,Filler,1,610.0
FILLER - TESTIMONIAL LOCAL - CALI LICHTER FIL1571 STUDENT INTERNSHIP IN NEWSROOM,Filler,1,60.0
FILLER - TESTIMONIAL LOCAL - AIDEN DENEHIE FIL1582 QUALITY ARTS PROGRAMMING,Filler,1,600.0
FILLER - RICK STEVES EURO TRAV - ANCIENT SCO UPDATED 9/26/23 FIL215 STONE CIRCLES AND A CRANNOG,Filler,1,172.36666666666667
FILLER - RICK STEVES EURO TR - PORTO PORTUGA UPDATED 9/26/23 FIL232 SECOND CITY AND HOME OF PORT WINE,Filler,1,323.3666666666667
FILLER - RICK STEVES ART BITES #111 - PREHIST FIL1351 TOMBS AND NECROPOLI IN IRELAND AND ORKNEY,Filler,1,328.96666666666664
FILLER - JOURNEY INDIANA - STILL HERE FIL1281 ROSS & SQUIBB DISTILLERY,Filler,1,3567.0
FILLER - PLANNED GIVING - SHEILA & LARRY FIL631 THEY HAVE TRAVELED THE WORLD,Filler,1,3569.0
FILLER - PLANNED GIVING - LEE ANN FIL629 TEACHES GRANDDAUGHTER ABOUT LOVE OF NATURE,Filler,1,3569.0
FILLER - PEGGY AND ZARG INTERSTITIAL SEASON 2,Filler,1,2309.0
FILLER - PBS PASSPORT PLEDGE - NEW YOU,Filler,1,1800.0
FILLER - PBS KIDS EARLY EDUCATOR - MALLORY,Filler,1,3569.0
FILLER - MEMBERSHIP VALUE SPOT - ANNE RYDER,Filler,1,1800.0
FILLER - MEMBERSHIP -SUSTAINER UPGRADE - W/ A,Filler,1,1769.0
FILLER - MEMBERSHIP - CREDIT CARD UPDATE W/ A,Filler,1,1769.0
FILLER - LOCAL TESTIMONIAL - STEVE/LINDA RAIN FIL1868 MAINLY ABOUT CHILDHOOD EDUCATION,Filler,1,60.0
FILLER - LOCAL TESTIMONIAL - STEVE/LINDA RAIN FIL1867 ABOUT ADULT EDUCATION,Filler,1,1800.0
FILLER - LOCAL TESTIMONIAL - BARBARA FROM PLA,Filler,1,1800.0
FILLER - JOURNEY INDIANA - WOODEN WONDERS FIL931 CENTRAL INDIANA WOODWORKERS,Filler,1,229.0
"FILLER - JOURNEY INDIANA - WEST BADEN WONDER ORANGE COUNTY FIL1744 S7E11, 8TH WONDER OF THE WORLD",Filler,1,275.1333333333333
"FILLER - JOURNEY INDIANA - TOP OF THE POPS FIL1713 S7E3, AMISH COUNTRY POPCORN #1 PRODUCER IN IN",Filler,1,221.9333333333333
YOGA IN PRACTICE #205H 7YN FINDING YOUR CENTER [TVG],Program,1,1606.1
